Question_ID,Answer_Score,Author_Name,Author_ID,Author_Rep,Number_Of_Comments,Answer_Accepted
401733,No answers,No user name,None,No reputation score,0,False
401730,No answers,No user name,None,No reputation score,0,False
401729,No answers,No user name,None,No reputation score,0,False
401728,No answers,No user name,None,No reputation score,0,False
401725,No answers,No user name,None,No reputation score,0,False
401723,No answers,No user name,None,No reputation score,0,False
401721,No answers,No user name,None,No reputation score,0,False
401718,No answers,No user name,None,No reputation score,0,False
401717,0,Timmy Jim,163757,51k,0,False
401714,No answers,No user name,None,No reputation score,0,False
401712,3,a cat,9752,25.6k,0,True
401710,0,andreszs,292865,151,1,False
401701,No answers,No user name,None,No reputation score,0,False
401700,7,JMcMinn,36662,446,3,True
401699,No answers,No user name,None,No reputation score,0,False
401697,1,Plagiatus,172377,"1,283",0,False
401695,1,Plagiatus,172377,"1,283",0,True
401693,1,Jakob Lovern,300024,146,0,False
401691,0,Jakob Lovern,300024,146,4,False
401690,4,pinckerman,87579,31.6k,0,True
401688,1,Jakob Lovern,300024,146,0,True
401686,No answers,No user name,None,No reputation score,0,False
401683,No answers,No user name,None,No reputation score,0,False
401682,No answers,No user name,None,No reputation score,0,False
401681,No answers,No user name,None,No reputation score,0,False
401680,No answers,No user name,None,No reputation score,0,False
401679,5,Timmy Jim,163757,51k,3,False
401677,No answers,No user name,None,No reputation score,0,False
401675,No answers,No user name,None,No reputation score,0,False
401674,No answers,No user name,None,No reputation score,0,False
401673,3,GPWR,300147,161,0,True
401665,1,FoxMcCloud,73403,29.9k,0,False
401663,1,Plagiatus,172377,"1,283",0,False
401662,1,vianna77,116230,"3,597",0,True
401661,1,Jakob Lovern,300024,146,0,False
401660,No answers,No user name,None,No reputation score,0,False
401658,0,Plagiatus,172377,"1,283",0,False
401652,1,ColinShark,219206,187,0,False
401651,No answers,No user name,None,No reputation score,0,False
401647,No answers,No user name,None,No reputation score,0,False
401644,No answers,No user name,None,No reputation score,0,False
401643,No answers,No user name,None,No reputation score,0,False
401641,5,Showsni,235115,"1,334",0,True
401637,0,Blue Robin,267416,456,4,False
401634,No answers,No user name,None,No reputation score,0,False
401633,No answers,No user name,None,No reputation score,0,False
401632,No answers,No user name,None,No reputation score,0,False
401630,No answers,No user name,None,No reputation score,0,False
401629,No answers,No user name,None,No reputation score,0,False
401624,1,Turamarth,294376,231,0,True
401622,0,Jakob Lovern,300024,146,0,True
401621,No answers,No user name,None,No reputation score,0,False
401620,0,Leo S.,279380,800,0,False
401619,0,Plagiatus,172377,"1,283",2,False
401618,0,Nestor,191668,411,0,True
401617,No answers,No user name,None,No reputation score,0,False
401615,1,pinckerman,87579,31.6k,2,True
401614,1,Plagiatus,172377,"1,283",0,False
401613,1,nondebug,195196,531,0,False
401610,No answers,No user name,None,No reputation score,0,False
401608,21,Oast,282847,"1,594",1,False
401603,1,Thomas Koelle,237663,179,0,False
401601,2,Plagiatus,172377,"1,283",0,True
401596,No answers,No user name,None,No reputation score,0,False
401595,32,pinckerman,87579,31.6k,7,True
401591,6,d4zed,241385,381,0,True
401587,0,pinckerman,87579,31.6k,0,False
401586,No answers,No user name,None,No reputation score,0,False
401585,No answers,No user name,None,No reputation score,0,False
401582,2,Semlan Bakelsen,268353,"1,143",0,False
401580,No answers,No user name,None,No reputation score,0,False
401579,1,Timmy Jim,163757,51k,0,True
401578,0,Blue Robin,267416,456,0,False
401576,9,Joachim,222022,16.9k,3,True
401573,7,Skye-AT,282193,"2,852",1,True
401572,No answers,No user name,None,No reputation score,0,False
401569,0,Malady,108916,"4,283",0,False
401568,-1,Blue Robin,267416,456,1,False
401561,12,alexanderpas,29,17.5k,2,True
401559,0,Plagiatus,172377,"1,283",0,False
401550,1,Fabian Röling,171580,20k,0,False
401541,No answers,No user name,None,No reputation score,0,False
401540,2,Skye-AT,282193,"2,852",0,True
401538,1,ELF,107398,26,0,True
401537,No answers,No user name,None,No reputation score,0,False
401536,No answers,No user name,None,No reputation score,0,False
401534,No answers,No user name,None,No reputation score,0,False
401531,2,Spevacus,242480,"2,147",0,True
401530,No answers,No user name,None,No reputation score,0,False
401529,0,Comic Sans Seraphim,53291,43.3k,0,True
401527,0,Paul Z,8901,"6,922",3,True
401526,No answers,No user name,None,No reputation score,0,False
401525,No answers,No user name,None,No reputation score,0,False
401522,1,Kevin,91981,"4,892",0,False
401521,0,Stevoisiak,181240,29.8k,0,False
401519,0,chebureki,277996,629,0,False
401518,No answers,No user name,None,No reputation score,0,False
401515,2,pinckerman,87579,31.6k,5,True
401513,1,Kevin Reid,5962,15.1k,2,False
401506,No answers,No user name,None,No reputation score,0,False
401505,No answers,No user name,None,No reputation score,0,False
401503,17,a cat,9752,25.6k,3,True
401499,0,GigiSan,299316,111,0,True
401498,No answers,No user name,None,No reputation score,0,False
401497,4,Fabian Röling,171580,20k,0,True
401494,No answers,No user name,None,No reputation score,0,False
401492,4,Chronocidal,205229,600,0,False
401491,3,pppery,185203,"3,675",0,False
401489,1,hb20007,227982,271,0,True
401488,No answers,No user name,None,No reputation score,0,False
401487,No answers,No user name,None,No reputation score,0,False
401486,No answers,No user name,None,No reputation score,0,False
401483,7,Skye-AT,282193,"2,852",0,True
401482,No answers,No user name,None,No reputation score,0,False
401481,No answers,No user name,None,No reputation score,0,False
401479,No answers,No user name,None,No reputation score,0,False
401478,No answers,No user name,None,No reputation score,0,False
401466,24,Nolonar,46740,43.5k,3,False
401459,4,Nolonar,46740,43.5k,0,True
401458,4,Chris Hayes,74514,"4,885",4,True
401457,0,Margaret,144,"6,006",0,False
401454,1,Neon1024,5357,25k,0,True
401451,No answers,No user name,None,No reputation score,0,False
401450,1,Ben,73976,40.8k,3,True
401442,No answers,No user name,None,No reputation score,0,False
401441,No answers,No user name,None,No reputation score,0,False
401438,1,pinckerman,87579,31.6k,0,True
401436,No answers,No user name,None,No reputation score,0,False
401435,5,Space Turnip,299637,136,1,False
401433,No answers,No user name,None,No reputation score,0,False
401430,No answers,No user name,None,No reputation score,0,False
401429,8,king14nyr,122225,"7,099",0,True
401428,No answers,No user name,None,No reputation score,0,False
401427,No answers,No user name,None,No reputation score,0,False
401414,4,Plagiatus,172377,"1,283",0,False
401411,1,Marios,286733,326,0,True
401404,No answers,No user name,None,No reputation score,0,False
401403,No answers,No user name,None,No reputation score,0,False
401402,No answers,No user name,None,No reputation score,0,False
401401,No answers,No user name,None,No reputation score,0,False
401399,1,Gregory Smith,299473,11,0,False
401397,0,Stevoisiak,181240,29.8k,0,True
401396,No answers,No user name,None,No reputation score,0,False
401395,No answers,No user name,None,No reputation score,0,False
401393,0,Stevoisiak,181240,29.8k,0,True
401392,No answers,No user name,None,No reputation score,0,False
401391,No answers,No user name,None,No reputation score,0,False
401390,No answers,No user name,None,No reputation score,0,False
401388,3,Shadur,7864,14.3k,1,False
401383,No answers,No user name,None,No reputation score,0,False
401379,7,Space Turnip,299637,136,0,True
401378,1,Plagiatus,172377,"1,283",0,True
401377,1,AdamRaichu,281304,873,0,True
401374,1,Joachim,222022,16.9k,1,True
401373,4,Skye-AT,282193,"2,852",1,True
401371,0,Macho Onion,286049,347,0,False
401365,1,Tim Fisher,203851,183,1,True
401364,No answers,No user name,None,No reputation score,0,False
401361,2,Tim S.,62979,"7,213",1,True
401359,1,Andreas,286374,51,0,False
401358,No answers,No user name,None,No reputation score,0,False
401353,1,Roman Sheydvasser,299384,11,0,False
401352,No answers,No user name,None,No reputation score,0,False
401350,No answers,No user name,None,No reputation score,0,False
401346,No answers,No user name,None,No reputation score,0,False
401344,1,Chronocidal,205229,600,0,True
401341,6,Joachim,222022,16.9k,2,False
401337,3,Skye-AT,282193,"2,852",2,True
401338,2,syn1kk,13104,"1,005",0,False
401334,No answers,No user name,None,No reputation score,0,False
401331,No answers,No user name,None,No reputation score,0,False
401327,0,Aceplante,249240,"1,411",0,True
401315,No answers,No user name,None,No reputation score,0,False
401314,1,BlueRaja - Danny Pflughoeft,2578,46.2k,7,False
401313,4,KnowledgeIsPower,250180,12.2k,3,True
401312,No answers,No user name,None,No reputation score,0,False
401307,No answers,No user name,None,No reputation score,0,False
401306,No answers,No user name,None,No reputation score,0,False
401302,No answers,No user name,None,No reputation score,0,False
401301,No answers,No user name,None,No reputation score,0,False
401300,No answers,No user name,None,No reputation score,0,False
401299,No answers,No user name,None,No reputation score,0,False
401297,1,Stevoisiak,181240,29.8k,0,True
401295,1,Stevoisiak,181240,29.8k,0,True
401293,No answers,No user name,None,No reputation score,0,False
401289,2,pinckerman,87579,31.6k,1,True
401287,1,Stevoisiak,181240,29.8k,0,True
401283,1,Chronocidal,205229,600,1,True
401282,1,Chronocidal,205229,600,7,False
401280,4,Skye-AT,282193,"2,852",1,True
401276,2,Newbyte,229673,393,0,True
401275,1,Batophobia,42984,13.2k,0,False
401273,1,Keltari,42425,275,0,False
401272,6,IronAnvil,186522,"5,661",0,True
401270,5,A.bakker,254398,"1,863",2,True
401268,23,Mark,79745,"2,664",0,True
401264,No answers,No user name,None,No reputation score,0,False
401263,No answers,No user name,None,No reputation score,0,False
401260,4,Andreas,204327,233,0,False
401257,4,clbx,210562,155,2,True
401254,4,Izayuh,146748,"1,370",1,False
401253,No answers,No user name,None,No reputation score,0,False
401251,35,qazmlpok,211554,"1,125",4,True
401248,5,qazmlpok,211554,"1,125",0,True
401247,0,vinzzz001,296788,243,0,False
401244,2,Juan Carlos Oropeza,137425,163,0,True
401243,5,qazmlpok,211554,"1,125",1,True
401241,1,Plagiatus,172377,"1,283",4,True
401235,No answers,No user name,None,No reputation score,0,False
401232,0,Jmooroof,262686,310,0,False
401231,1,pinckerman,87579,31.6k,0,False
401229,No answers,No user name,None,No reputation score,0,False
401227,0,Michael Evi,299410,1,0,False
401226,0,A.bakker,254398,"1,863",0,False
401225,8,DadeKuma,299141,196,0,True
401224,6,Leo S.,279380,800,2,True
401221,0,Blip8637,299125,11,0,False
401220,No answers,No user name,None,No reputation score,0,False
401219,0,carsonwltz,299160,1,0,False
401211,0,clbx,210562,155,0,False
401209,No answers,No user name,None,No reputation score,0,False
401208,No answers,No user name,None,No reputation score,0,False
401207,4,TheGamer007,219313,463,0,True
401201,No answers,No user name,None,No reputation score,0,False
401200,114,Invader Skoodge,1719,62.3k,9,True
401198,1,Sistav,299184,11,1,False
401195,1,Timmy Jim,163757,51k,0,False
401192,1,Turamarth,294376,231,0,True
401187,2,FracturedMentality,299020,31,1,True
401186,No answers,No user name,None,No reputation score,0,False
401184,3,A.bakker,254398,"1,863",11,False
401182,No answers,No user name,None,No reputation score,0,False
401181,0,Plagiatus,172377,"1,283",0,False
401180,No answers,No user name,None,No reputation score,0,False
401175,No answers,No user name,None,No reputation score,0,False
401174,No answers,No user name,None,No reputation score,0,False
401172,No answers,No user name,None,No reputation score,0,False
401170,0,aphid,148546,"8,115",0,False
401162,No answers,No user name,None,No reputation score,0,False
401161,1,Stevoisiak,181240,29.8k,0,True
401159,2,Amy B,9192,22.2k,0,True
401153,No answers,No user name,None,No reputation score,0,False
401152,1,Diego Penha,298959,134,0,True
401144,No answers,No user name,None,No reputation score,0,False
401142,2,A.bakker,254398,"1,863",0,True
401141,No answers,No user name,None,No reputation score,0,False
401139,2,Stevoisiak,181240,29.8k,0,True
401137,1,Stevoisiak,181240,29.8k,0,True
401135,0,Stevoisiak,181240,29.8k,0,True
401134,1,Aceplante,249240,"1,411",0,False
401133,No answers,No user name,None,No reputation score,0,False
401132,0,Plagiatus,172377,"1,283",0,False
401130,0,Aceplante,249240,"1,411",0,False
401128,No answers,No user name,None,No reputation score,0,False
401126,No answers,No user name,None,No reputation score,0,False
401123,4,Toomai,12939,17.6k,0,False
401122,No answers,No user name,None,No reputation score,0,False
401120,No answers,No user name,None,No reputation score,0,False
401112,1,Samstercraft,297576,84,2,False
401111,2,Sellyme,46054,923,0,True
401110,1,pinckerman,87579,31.6k,0,False
401108,No answers,No user name,None,No reputation score,0,False
401107,3,Kevin,91981,"4,892",0,True
401106,No answers,No user name,None,No reputation score,0,False
401105,0,amalloy,9729,157,0,False
401102,No answers,No user name,None,No reputation score,0,False
401101,No answers,No user name,None,No reputation score,0,False
401100,0,Joachim,222022,16.9k,0,False
401098,No answers,No user name,None,No reputation score,0,False
401093,3,game writer guy,178195,96,1,False
401091,No answers,No user name,None,No reputation score,0,False
401090,1,Aceplante,249240,"1,411",0,True
401088,1,wutadam,295975,71,0,True
401087,No answers,No user name,None,No reputation score,0,False
401086,5,Иво Недев,132203,13.2k,1,False
401082,1,aytimothy,75275,16.3k,1,False
401079,2,MonkeyZeus,97087,"1,532",0,False
401077,6,Smeerpijp,125708,"1,484",1,False
401073,0,pinckerman,87579,31.6k,2,True
401070,1,pinckerman,87579,31.6k,2,True
401065,1,EpicPuppy613,281341,136,0,True
401063,2,slink,271307,329,0,False
401061,1,vinzzz001,296788,243,4,False
401058,No answers,No user name,None,No reputation score,0,False
401056,No answers,No user name,None,No reputation score,0,False
401054,No answers,No user name,None,No reputation score,0,False
401053,No answers,No user name,None,No reputation score,0,False
401049,No answers,No user name,None,No reputation score,0,False
401041,1,kaimo,298725,126,0,True
401036,57,Wondercricket,124566,46.8k,7,True
401029,0,Sayed Mohd Ali,238255,121,0,True
401025,0,vulcan_,298685,101,2,False
401024,No answers,No user name,None,No reputation score,0,False
401021,No answers,No user name,None,No reputation score,0,False
401018,No answers,No user name,None,No reputation score,0,False
401016,No answers,No user name,None,No reputation score,0,False
401015,No answers,No user name,None,No reputation score,0,False
401014,2,pinckerman,87579,31.6k,0,False
401011,No answers,No user name,None,No reputation score,0,False
401010,1,Aceplante,249240,"1,411",0,False
401009,-1,Alan H.,19589,721,0,False
401005,7,pinckerman,87579,31.6k,0,True
401000,No answers,No user name,None,No reputation score,0,False
400999,0,pinckerman,87579,31.6k,0,False
400994,-1,Mr_BluE,222010,1,2,False
400992,1,Sayed Mohd Ali,238255,121,0,False
400990,0,andreszs,292865,151,0,False
400989,No answers,No user name,None,No reputation score,0,False
400988,No answers,No user name,None,No reputation score,0,False
400987,0,Dr-Bracket,234412,314,0,False
400986,0,Leandro Bardelli,15303,799,0,False
400982,2,Aceplante,249240,"1,411",0,True
400977,No answers,No user name,None,No reputation score,0,False
400972,8,Timmy Jim,163757,51k,5,True
400967,4,Wondercricket,124566,46.8k,1,True
400964,0,Chronocidal,205229,600,0,False
400957,1,BlueRaja - Danny Pflughoeft,2578,46.2k,4,True
400955,3,Timmy Jim,163757,51k,2,True
400953,2,Chrᴉz remembers Monica,268054,"1,219",0,False
400951,1,Ꮢedacted,263019,"3,871",0,False
400947,No answers,No user name,None,No reputation score,0,False
400945,37,Toby Y.,139617,836,3,True
400943,No answers,No user name,None,No reputation score,0,False
400941,0,Aceplante,249240,"1,411",0,False
400934,1,pinckerman,87579,31.6k,0,True
400933,No answers,No user name,None,No reputation score,0,False
400931,No answers,No user name,None,No reputation score,0,False
400928,1,Stevoisiak,181240,29.8k,0,True
400927,No answers,No user name,None,No reputation score,0,False
400926,No answers,No user name,None,No reputation score,0,False
400925,No answers,No user name,None,No reputation score,0,False
400922,No answers,No user name,None,No reputation score,0,False
400921,2,Ꮢedacted,263019,"3,871",0,True
400920,No answers,No user name,None,No reputation score,0,False
400918,0,Jake Lee,16503,266,0,True
400917,No answers,No user name,None,No reputation score,0,False
400916,No answers,No user name,None,No reputation score,0,False
400915,No answers,No user name,None,No reputation score,0,False
400910,16,Joachim,222022,16.9k,0,False
400909,No answers,No user name,None,No reputation score,0,False
400908,1,Stevoisiak,181240,29.8k,0,True
400907,No answers,No user name,None,No reputation score,0,False
400906,No answers,No user name,None,No reputation score,0,False
400900,No answers,No user name,None,No reputation score,0,False
400895,0,bco2135,296120,91,0,False
400890,No answers,No user name,None,No reputation score,0,False
400886,No answers,No user name,None,No reputation score,0,False
400885,No answers,No user name,None,No reputation score,0,False
400882,5,Jake Lee,16503,266,0,True
400878,2,Timmy Jim,163757,51k,0,True
400877,No answers,No user name,None,No reputation score,0,False
400874,No answers,No user name,None,No reputation score,0,False
400873,No answers,No user name,None,No reputation score,0,False
400872,1,nondebug,195196,531,2,True
400866,4,zdimension,298317,175,0,False
400865,3,pppery,185203,"3,675",1,True
400863,No answers,No user name,None,No reputation score,0,False
400855,0,Blag,171238,159,0,False
400854,0,Blue Robin,267416,456,2,True
400851,No answers,No user name,None,No reputation score,0,False
400847,1,aytimothy,75275,16.3k,0,True
400845,24,user9983,None,No reputation score,3,True
400844,0,Blue Robin,267416,456,0,False
400842,1,Joachim,222022,16.9k,0,False
400839,1,Ꮢedacted,263019,"3,871",0,False
400836,11,Paul Z,8901,"6,922",1,False
400835,1,Timmy Jim,163757,51k,0,False
400832,No answers,No user name,None,No reputation score,0,False
400829,2,Joachim,222022,16.9k,3,True
400827,No answers,No user name,None,No reputation score,0,False
400823,0,pinckerman,87579,31.6k,0,False
400818,1,qazmlpok,211554,"1,125",0,False
400817,No answers,No user name,None,No reputation score,0,False
400816,No answers,No user name,None,No reputation score,0,False
400814,2,Wondercricket,124566,46.8k,3,True
400813,No answers,No user name,None,No reputation score,0,False
400812,No answers,No user name,None,No reputation score,0,False
400806,0,galacticninja,4797,44.2k,0,False
400805,0,mvanb,280798,41,0,True
400804,1,Chronocidal,205229,600,0,True
400801,1,Blue Robin,267416,456,0,True
400800,No answers,No user name,None,No reputation score,0,False
400796,1,pinckerman,87579,31.6k,0,False
400794,No answers,No user name,None,No reputation score,0,False
400793,2,xyldke,291025,381,2,True
400789,No answers,No user name,None,No reputation score,0,False
400787,2,aphid,148546,"8,115",0,False
400786,No answers,No user name,None,No reputation score,0,False
400783,1,qazmlpok,211554,"1,125",1,True
400780,0,Skye-AT,282193,"2,852",0,True
400776,2,CodeAsm,201820,86,3,True
400775,No answers,No user name,None,No reputation score,0,False
400767,No answers,No user name,None,No reputation score,0,False
400764,No answers,No user name,None,No reputation score,0,False
400762,3,KnowledgeIsPower,250180,12.2k,2,False
400761,1,user176681,None,No reputation score,0,False
400756,0,Stevoisiak,181240,29.8k,0,True
400755,No answers,No user name,None,No reputation score,0,False
400752,2,Skye-AT,282193,"2,852",0,True
400751,No answers,No user name,None,No reputation score,0,False
400743,No answers,No user name,None,No reputation score,0,False
400742,No answers,No user name,None,No reputation score,0,False
400740,3,trappski,56263,428,0,True
400739,No answers,No user name,None,No reputation score,0,False
400737,0,Jeff Mercado,8995,20.6k,0,True
400736,0,Neon1024,5357,25k,0,True
400730,1,Trish,266307,481,0,False
400729,No answers,No user name,None,No reputation score,0,False
400727,No answers,No user name,None,No reputation score,0,False
400724,No answers,No user name,None,No reputation score,0,False
400723,0,hb20007,227982,271,0,True
400722,No answers,No user name,None,No reputation score,0,False
400721,No answers,No user name,None,No reputation score,0,False
400720,2,Trish,266307,481,0,True
400718,1,pppery,185203,"3,675",10,True
400713,No answers,No user name,None,No reputation score,0,False
400708,0,Semlan Bakelsen,268353,"1,143",0,False
400706,1,Stevoisiak,181240,29.8k,1,True
400704,No answers,No user name,None,No reputation score,0,False
400699,2,Timmy Jim,163757,51k,1,False
400697,2,BunnyMerz,237019,"1,669",0,True
400694,0,Stevoisiak,181240,29.8k,0,True
400693,No answers,No user name,None,No reputation score,0,False
400692,No answers,No user name,None,No reputation score,0,False
400687,1,Jake Lee,16503,266,0,False
400684,0,Stevoisiak,181240,29.8k,0,True
400681,No answers,No user name,None,No reputation score,0,False
400680,No answers,No user name,None,No reputation score,0,False
400677,0,Stevoisiak,181240,29.8k,0,True
400676,2,Jake Lee,16503,266,0,True
400675,No answers,No user name,None,No reputation score,0,False
400674,No answers,No user name,None,No reputation score,0,False
400673,1,pinckerman,87579,31.6k,0,True
400670,4,qazmlpok,211554,"1,125",0,True
400665,No answers,No user name,None,No reputation score,0,False
400664,No answers,No user name,None,No reputation score,0,False
400663,6,Sellyme,46054,923,0,True
400661,No answers,No user name,None,No reputation score,0,False
400660,No answers,No user name,None,No reputation score,0,False
400654,No answers,No user name,None,No reputation score,0,False
400652,No answers,No user name,None,No reputation score,0,False
400648,No answers,No user name,None,No reputation score,0,False
400645,1,Larnu,203379,117,1,False
400644,1,Timmy Jim,163757,51k,2,True
400640,No answers,No user name,None,No reputation score,0,False
400639,3,Showsni,235115,"1,334",0,True
400638,0,GreatGaja,297941,1,0,False
400634,10,Timmy Jim,163757,51k,4,False
400631,2,Ilmari Karonen,13833,"4,776",0,True
400628,1,Mike Blecha,299036,111,0,False
400627,0,Kurru,5818,543,0,False
400624,0,Elizabeth Stride,298866,1,1,False
400623,1,KnowledgeIsPower,250180,12.2k,0,False
400620,2,Showsni,235115,"1,334",4,False
400617,No answers,No user name,None,No reputation score,0,False
400616,2,tjd,91501,"4,942",1,True
400615,No answers,No user name,None,No reputation score,0,False
400614,No answers,No user name,None,No reputation score,0,False
400613,No answers,No user name,None,No reputation score,0,False
400612,1,Blorpal,298022,21,0,False
400611,No answers,No user name,None,No reputation score,0,False
400608,28,Stevoisiak,181240,29.8k,0,True
400605,1,Eric,41200,"2,767",0,True
400602,0,brimstone,298104,1,0,False
400597,22,Nick S,213647,"2,954",2,True
400587,1,zibadawa timmy,242293,220,0,True
400584,1,Nick S,213647,"2,954",1,True
400582,No answers,No user name,None,No reputation score,0,False
400578,1,lizardpeter,268023,46,0,False
400576,No answers,No user name,None,No reputation score,0,False
400575,8,Paul Z,8901,"6,922",0,True
400574,0,Samstercraft,297576,84,2,False
400571,2,Ben,73976,40.8k,0,True
400570,1,DevAir1,226516,777,0,False
400569,No answers,No user name,None,No reputation score,0,False
400568,No answers,No user name,None,No reputation score,0,False
400567,No answers,No user name,None,No reputation score,0,False
400565,0,Stevoisiak,181240,29.8k,0,True
400561,1,Rapitor,47011,22.7k,1,True
400555,No answers,No user name,None,No reputation score,0,False
400554,2,tjd,91501,"4,942",3,True
400553,No answers,No user name,None,No reputation score,0,False
400549,1,AzulShiva,168977,611,3,False
400546,25,pinckerman,87579,31.6k,6,False
400544,2,AzulShiva,168977,611,0,False
400542,0,Nuro007,295629,11,0,False
400539,No answers,No user name,None,No reputation score,0,False
400538,35,Matthew Read,6066,19.2k,2,True
400536,1,Neon1024,5357,25k,0,True
400535,No answers,No user name,None,No reputation score,0,False
400534,12,user3389,None,No reputation score,5,True
400530,1,pinckerman,87579,31.6k,0,False
400528,No answers,No user name,None,No reputation score,0,False
400525,2,BunnyMerz,237019,"1,669",0,True
400518,No answers,No user name,None,No reputation score,0,False
400517,No answers,No user name,None,No reputation score,0,False
400515,3,Gucchi,297696,49,0,True
400514,3,Thomas Ward,7835,143,0,True
400510,3,Ladineko,41744,601,1,True
400509,2,TechnoSam,76011,509,0,False
400505,4,Samstercraft,297576,84,4,False
400503,0,Stevoisiak,181240,29.8k,0,True
400502,No answers,No user name,None,No reputation score,0,False
400497,0,Quan,297660,41,0,False
400483,2,Mathias711,80141,23k,0,True
400482,0,Stevoisiak,181240,29.8k,0,True
400480,1,Stevoisiak,181240,29.8k,0,True
400477,17,Paul O.,127830,"2,808",4,True
400476,No answers,No user name,None,No reputation score,0,False
400475,No answers,No user name,None,No reputation score,0,False
400464,7,IceFreez3r,258282,578,4,True
400454,2,Skye-AT,282193,"2,852",2,True
400453,-1,Timmetje,63251,111,1,False
400452,2,Ꮢedacted,263019,"3,871",0,True
400450,15,Timmy Jim,163757,51k,1,True
400449,No answers,No user name,None,No reputation score,0,False
400446,2,Wondercricket,124566,46.8k,0,True
400445,6,Brade,253677,358,1,True
400444,No answers,No user name,None,No reputation score,0,False
400441,3,54D,79435,"4,827",0,False
400439,0,Stevoisiak,181240,29.8k,0,True
400438,No answers,No user name,None,No reputation score,0,False
400436,No answers,No user name,None,No reputation score,0,False
400435,No answers,No user name,None,No reputation score,0,False
400432,No answers,No user name,None,No reputation score,0,False
400430,1,Samstercraft,297576,84,0,True
400427,0,Neon1024,5357,25k,0,True
400426,3,Arle Camille,67243,"1,673",0,True
400425,No answers,No user name,None,No reputation score,0,False
400423,No answers,No user name,None,No reputation score,0,False
400421,0,Samstercraft,297576,84,0,False
400415,3,Ꮢedacted,263019,"3,871",0,True
400414,8,Mixxiphoid,108757,"3,254",2,True
400410,-2,Albert F D,279513,220,2,True
400409,1,Spencer Nold,215449,11,0,False
400408,No answers,No user name,None,No reputation score,0,False
400406,1,mhchem,297493,137,0,True
400403,No answers,No user name,None,No reputation score,0,False
400400,3,Comic Sans Seraphim,53291,43.3k,0,False
400398,0,Rapitor,47011,22.7k,0,True
400397,0,e2ne0,298503,1,2,False
400395,No answers,No user name,None,No reputation score,0,False
400393,No answers,No user name,None,No reputation score,0,False
400389,0,Stevoisiak,181240,29.8k,0,True
400387,2,aphid,148546,"8,115",7,True
400384,No answers,No user name,None,No reputation score,0,False
400381,1,Giacomo1968,50786,308,0,False
400379,0,Neon1024,5357,25k,0,True
400378,No answers,No user name,None,No reputation score,0,False
400377,8,Paul O.,127830,"2,808",0,True
400374,4,Wondercricket,124566,46.8k,0,False
400369,1,Leo S.,279380,800,0,True
400367,0,Stevoisiak,181240,29.8k,0,True
400366,2,qazmlpok,211554,"1,125",0,False
400365,No answers,No user name,None,No reputation score,0,False
400362,No answers,No user name,None,No reputation score,0,False
400360,-1,TechnoSam,76011,509,4,False
400358,No answers,No user name,None,No reputation score,0,False
400354,No answers,No user name,None,No reputation score,0,False
400348,1,vinzzz001,296788,243,2,False
400340,No answers,No user name,None,No reputation score,0,False
400339,No answers,No user name,None,No reputation score,0,False
400338,0,Stevoisiak,181240,29.8k,0,True
400337,53,Peter,10262,"3,554",3,False
400334,1,pinckerman,87579,31.6k,0,True
400333,1,galacticninja,4797,44.2k,0,False
400332,4,Skye-AT,282193,"2,852",7,True
400328,1,pinckerman,87579,31.6k,0,True
400325,2,Albert F D,279513,220,2,True
400323,1,Blorpal,298022,21,2,False
400321,No answers,No user name,None,No reputation score,0,False
400315,No answers,No user name,None,No reputation score,0,False
400314,7,jwezorek,297336,251,0,True
400313,0,Wipqozn,8350,45k,0,True
400310,72,community wiki,None,No reputation score,3,True
400309,5,Donniel Thomas,5702,395,0,True
400306,4,TechnoSam,76011,509,4,True
400305,No answers,No user name,None,No reputation score,0,False
400304,No answers,No user name,None,No reputation score,0,False
400303,0,Mike Caron,77380,357,0,False
400299,14,Neon1024,5357,25k,0,True
400298,No answers,No user name,None,No reputation score,0,False
400288,0,Leo Jebran,243172,109,0,True
400287,1,mmatthews,73786,"2,500",0,False
400283,1,Semlan Bakelsen,268353,"1,143",0,False
400282,9,pinckerman,87579,31.6k,3,True
400281,No answers,No user name,None,No reputation score,0,False
400278,No answers,No user name,None,No reputation score,0,False
400272,3,pinckerman,87579,31.6k,4,True
400270,No answers,No user name,None,No reputation score,0,False
400265,No answers,No user name,None,No reputation score,0,False
400262,1,Federico,100233,"1,970",0,False
400261,No answers,No user name,None,No reputation score,0,False
400260,1,Ꮢedacted,263019,"3,871",1,True
400258,2,Kcats,24472,"7,755",1,True
400257,1,Phoenix Dreaming,298862,57,1,False
400254,No answers,No user name,None,No reputation score,0,False
400253,2,KnowledgeIsPower,250180,12.2k,1,True
400252,3,Ben,73976,40.8k,1,True
400247,3,Lexibutt,243520,737,1,False
400244,5,pinckerman,87579,31.6k,7,True
400243,1,wutadam,295975,71,1,True
400242,0,Exal,194805,659,0,False
400240,No answers,No user name,None,No reputation score,0,False
400239,No answers,No user name,None,No reputation score,0,False
400238,No answers,No user name,None,No reputation score,0,False
400237,2,AngryCoder,297194,61,2,True
400234,No answers,No user name,None,No reputation score,0,False
400221,6,pinckerman,87579,31.6k,0,False
400219,3,Phoenix,242085,515,0,False
400215,6,scoso,287482,441,1,True
400214,No answers,No user name,None,No reputation score,0,False
400199,No answers,No user name,None,No reputation score,0,False
400197,1,community wiki,None,No reputation score,0,False
400196,1,Powerlord,87105,15.2k,0,False
400195,No answers,No user name,None,No reputation score,0,False
400194,No answers,No user name,None,No reputation score,0,False
400193,2,Lexibutt,243520,737,1,False
400189,No answers,No user name,None,No reputation score,0,False
400185,5,scoso,287482,441,0,True
400183,20,BlueRaja - Danny Pflughoeft,2578,46.2k,2,True
400171,1,DevAir1,226516,777,0,True
400167,1,Morazzer,297186,26,0,True
400161,2,scoso,287482,441,0,False
400142,8,DoubleFelix,297026,96,2,True
400140,4,Ulfdróttin,296965,581,0,True
400139,4,Ben,73976,40.8k,1,True
400134,29,Ulfdróttin,296965,581,4,True
400129,No answers,No user name,None,No reputation score,0,False
400127,No answers,No user name,None,No reputation score,0,False
400123,No answers,No user name,None,No reputation score,0,False
400122,No answers,No user name,None,No reputation score,0,False
400120,0,Fredy31,15236,39.2k,0,False
400113,No answers,No user name,None,No reputation score,0,False
400110,No answers,No user name,None,No reputation score,0,False
400108,1,Jacob A.,296339,101,1,True
400106,No answers,No user name,None,No reputation score,0,False
400105,11,Wrigglenite,143571,45.5k,4,True
400104,54,Kredns,255,"1,808",0,False
400101,1,Aceplante,249240,"1,411",0,False
400100,2,Sorean,7639,22.3k,0,False
400096,0,Andreas,286374,51,0,False
400095,0,MABFGaming,293469,16,0,True
400091,No answers,No user name,None,No reputation score,0,False
400089,0,RedSkull,297584,16,1,True
400083,No answers,No user name,None,No reputation score,0,False
400079,2,arghtype,144891,13.6k,0,False
400076,-1,AdamRaichu,281304,873,2,False
400075,0,dly,117067,15.2k,0,False
400073,0,Flux,228148,"2,292",0,False
400071,3,SaintWacko,15092,28.2k,0,False
400069,5,scoso,287482,441,1,True
400065,1,SF.,9440,17.6k,5,False
400061,2,Timmy Jim,163757,51k,1,True
400053,3,Jacob A.,296339,101,0,True
400052,3,Steve V,296332,198,0,True
400049,-1,MonkeyZeus,97087,"1,532",2,True
400040,0,Flux,228148,"2,292",0,False
400037,5,Unown K,276557,"1,046",0,True
400036,3,user1558321,296821,76,4,True
400034,No answers,No user name,None,No reputation score,0,False
400033,1,MattixA1,296330,136,0,False
400030,No answers,No user name,None,No reputation score,0,False
400025,No answers,No user name,None,No reputation score,0,False
400020,-2,knights gaming,265939,35,2,False
400014,2,Niekvb,296783,73,5,True
400012,5,KnowledgeIsPower,250180,12.2k,1,True
400008,1,Banana97286,264537,"1,717",1,False
400007,2,Semlan Bakelsen,268353,"1,143",0,False
400005,3,Rapitor,47011,22.7k,3,True
400003,24,user9983,None,No reputation score,3,True
399996,17,pinckerman,87579,31.6k,2,False
399994,1,Alan B,2198,"3,256",0,True
399992,4,pinckerman,87579,31.6k,1,False
399991,3,sam watson,297399,46,0,True
399989,No answers,No user name,None,No reputation score,0,False
399982,4,pimanrules,296496,181,1,True
399981,No answers,No user name,None,No reputation score,0,False
399977,No answers,No user name,None,No reputation score,0,False
399976,3,Ulfdróttin,296965,581,0,True
399970,6,Timmy Jim,163757,51k,0,False
399967,2,pinckerman,87579,31.6k,2,True
399966,2,KnowledgeIsPower,250180,12.2k,1,False
399962,0,Shadow Wizard Chasing Stars,7652,"4,349",1,False
399961,0,Marcos Zolnowski,56534,316,0,False
399959,39,Guy,54902,"3,417",9,True
399956,2,Banana97286,264537,"1,717",1,False
399954,No answers,No user name,None,No reputation score,0,False
399950,1,Rapitor,47011,22.7k,2,True
399947,No answers,No user name,None,No reputation score,0,False
399943,1,DenisS,188593,133,0,False
399942,4,Sulphate,142533,422,5,False
399939,No answers,No user name,None,No reputation score,0,False
399938,2,lizardpeter,268023,46,0,True
399932,4,ahsteele,559,"6,326",0,True
399931,4,galacticninja,4797,44.2k,0,False
399929,5,Chase Sandmann,96435,"4,169",2,False
399926,12,Tunderwood,15653,295,3,True
399921,2,Timmy Jim,163757,51k,0,False
399920,No answers,No user name,None,No reputation score,0,False
399918,17,Powerlord,87105,15.2k,0,True
399917,No answers,No user name,None,No reputation score,0,False
399912,No answers,No user name,None,No reputation score,0,False
399911,3,PausePause,228910,13.8k,0,False
399910,4,MattixA1,296330,136,0,False
399908,No answers,No user name,None,No reputation score,0,False
399906,1,Ꮢedacted,263019,"3,871",0,False
399905,No answers,No user name,None,No reputation score,0,False
399904,No answers,No user name,None,No reputation score,0,False
399901,2,Mark,79745,"2,664",0,True
399898,0,Skye-AT,282193,"2,852",1,False
399895,1,MattixA1,296330,136,2,True
399893,1,Ꮢedacted,263019,"3,871",0,False
399892,No answers,No user name,None,No reputation score,0,False
399888,25,MonkeyZeus,97087,"1,532",0,True
399882,1,Wondercricket,124566,46.8k,2,True
399881,2,Melchior,290017,44,0,False
399877,4,Stevoisiak,181240,29.8k,0,True
399875,2,Semlan Bakelsen,268353,"1,143",1,True
399871,No answers,No user name,None,No reputation score,0,False
399869,0,Pierre,215512,620,0,False
399867,0,pinckerman,87579,31.6k,1,False
399865,13,Skye-AT,282193,"2,852",0,True
399864,1,Semlan Bakelsen,268353,"1,143",0,False
399863,No answers,No user name,None,No reputation score,0,False
399859,No answers,No user name,None,No reputation score,0,False
399857,1,Lemon,199843,"9,582",0,True
399855,2,hrthstnd,289404,61,0,False
399852,8,Piper,185182,216,2,True
399851,No answers,No user name,None,No reputation score,0,False
399849,No answers,No user name,None,No reputation score,0,False
399845,7,TheGamer007,219313,463,1,False
399844,No answers,No user name,None,No reputation score,0,False
399842,No answers,No user name,None,No reputation score,0,False
399840,0,aytimothy,75275,16.3k,1,False
399839,No answers,No user name,None,No reputation score,0,False
399838,No answers,No user name,None,No reputation score,0,False
399835,1,Unown K,276557,"1,046",1,True
399832,No answers,No user name,None,No reputation score,0,False
399829,1,pinckerman,87579,31.6k,0,True
399828,1,Unown K,276557,"1,046",0,False
399825,0,Neon1024,5357,25k,2,True
399821,2,Steve V,296332,198,0,True
399818,2,Wondercricket,124566,46.8k,4,True
399815,1,Skye-AT,282193,"2,852",4,True
399813,1,Ulfdróttin,296965,581,0,False
399810,3,FinAndTonic,278795,306,3,True
399809,No answers,No user name,None,No reputation score,0,False
399806,1,Mixxiphoid,108757,"3,254",2,False
399804,1,Fredy31,15236,39.2k,5,False
399801,0,aphid,148546,"8,115",0,False
399800,0,Marios,286733,326,4,False
399796,No answers,No user name,None,No reputation score,0,False
399793,2,aytimothy,75275,16.3k,2,False
399791,2,Chase Sandmann,96435,"4,169",0,True
399785,1,Ꮢedacted,263019,"3,871",2,False
399782,9,KnowledgeIsPower,250180,12.2k,0,True
399780,No answers,No user name,None,No reputation score,0,False
399779,1,Chronocidal,205229,600,0,False
399769,1,Aceplante,249240,"1,411",0,False
399767,No answers,No user name,None,No reputation score,0,False
399764,4,Philipp,35432,29.4k,0,False
399761,No answers,No user name,None,No reputation score,0,False
399760,3,Nolonar,46740,43.5k,3,True
399758,1,Roddy of the Frozen Peas,44445,"3,664",0,True
399756,1,KnowledgeIsPower,250180,12.2k,1,False
399751,No answers,No user name,None,No reputation score,0,False
399748,No answers,No user name,None,No reputation score,0,False
399747,2,Jmooroof,262686,310,1,True
399746,No answers,No user name,None,No reputation score,0,False
399744,No answers,No user name,None,No reputation score,0,False
399743,1,hrthstnd,289404,61,1,False
399740,No answers,No user name,None,No reputation score,0,False
399738,1,Brian Miranda,225357,101,0,False
399737,2,bco2135,296120,91,0,False
399736,2,dna,196757,516,0,False
399733,6,Ꮢedacted,263019,"3,871",1,True
399731,5,Sellyme,46054,923,1,False
399730,No answers,No user name,None,No reputation score,0,False
399726,0,Stevoisiak,181240,29.8k,0,True
399725,2,bco2135,296120,91,0,True
399724,No answers,No user name,None,No reputation score,0,False
399722,1,community wiki,None,No reputation score,0,False
399721,No answers,No user name,None,No reputation score,0,False
399720,No answers,No user name,None,No reputation score,0,False
399718,56,Joachim,222022,16.9k,2,False
399715,2,Ben,124019,170,0,False
399711,1,BunnyMerz,237019,"1,669",0,False
399708,1,Unown K,276557,"1,046",0,False
399704,No answers,No user name,None,No reputation score,0,False
399702,No answers,No user name,None,No reputation score,0,False
399700,2,Sorean,7639,22.3k,2,True
399697,20,xyldke,291025,381,7,True
399696,2,Peter Green,127282,967,0,True
399695,No answers,No user name,None,No reputation score,0,False
399693,No answers,No user name,None,No reputation score,0,False
399692,No answers,No user name,None,No reputation score,0,False
399690,No answers,No user name,None,No reputation score,0,False
399689,No answers,No user name,None,No reputation score,0,False
399684,4,Fabian Röling,171580,20k,1,True
399680,3,Mario,5486,"9,367",2,False
399679,No answers,No user name,None,No reputation score,0,False
399675,2,Toni H,296004,21,0,False
399673,6,Sellyme,46054,923,0,False
399671,2,Ben,73976,40.8k,0,False
399670,No answers,No user name,None,No reputation score,0,False
399666,0,Stevoisiak,181240,29.8k,0,True
399662,1,wutadam,295975,71,0,True
399659,2,vianna77,116230,"3,597",0,True
399657,No answers,No user name,None,No reputation score,0,False
399654,No answers,No user name,None,No reputation score,0,False
399652,4,tjd,91501,"4,942",6,True
399649,1,Eduardo Lucio,265799,199,0,True
399645,7,Spevacus,242480,"2,147",3,True
399643,No answers,No user name,None,No reputation score,0,False
399639,No answers,No user name,None,No reputation score,0,False
399633,No answers,No user name,None,No reputation score,0,False
399629,11,ATCOlogy,295930,226,5,True
399625,3,Old Gamer,57616,688,2,True
399621,No answers,No user name,None,No reputation score,0,False
399616,No answers,No user name,None,No reputation score,0,False
399614,1,Exal,194805,659,1,False
399612,11,Stevoisiak,181240,29.8k,1,True
399610,1,pinckerman,87579,31.6k,0,False
399607,No answers,No user name,None,No reputation score,0,False
399606,3,Ꮢedacted,263019,"3,871",2,False
399604,No answers,No user name,None,No reputation score,0,False
399601,2,Schism,31508,12.4k,1,True
399599,0,Stevoisiak,181240,29.8k,0,True
399597,25,BlueRaja - Danny Pflughoeft,2578,46.2k,0,True
399594,5,Liam Devanney,295916,59,1,False
399592,0,Leo S.,279380,800,0,False
399588,No answers,No user name,None,No reputation score,0,False
399584,No answers,No user name,None,No reputation score,0,False
399582,2,jzm,295867,36,0,True
399580,1,Stevoisiak,181240,29.8k,0,True
399579,No answers,No user name,None,No reputation score,0,False
399577,2,equin0x80,219270,247,1,True
399573,No answers,No user name,None,No reputation score,0,False
399572,0,Stevoisiak,181240,29.8k,0,True
399569,6,Timmy Jim,163757,51k,2,True
399568,No answers,No user name,None,No reputation score,0,False
399566,11,pinckerman,87579,31.6k,0,False
399564,No answers,No user name,None,No reputation score,0,False
399575,8,Christopher,295851,96,4,True
399563,0,l3l_aze,203077,"1,917",0,False
399561,No answers,No user name,None,No reputation score,0,False
399557,0,Stevoisiak,181240,29.8k,0,True
399556,2,Skye-AT,282193,"2,852",0,False
399554,3,Oak10,295938,63,0,False
399549,2,KnowledgeIsPower,250180,12.2k,0,True
399548,1,AdamRaichu,281304,873,0,True
399545,0,Mentalist,162791,"1,329",0,False
399543,2,Leo,28946,263,0,True
399540,No answers,No user name,None,No reputation score,0,False
399538,1,pinckerman,87579,31.6k,1,False
399537,0,Plagiatus,172377,"1,283",0,False
399531,4,Fredy31,15236,39.2k,0,False
399527,2,elbarna,122055,331,0,True
399525,2,Timmy Jim,163757,51k,1,True
399521,1,FrontEnd,104997,261,0,False
399520,No answers,No user name,None,No reputation score,0,False
399518,5,Comic Sans Seraphim,53291,43.3k,2,False
399512,1,mindoverflow,266729,256,1,False
399511,No answers,No user name,None,No reputation score,0,False
399507,1,Malady,108916,"4,283",0,True
399505,No answers,No user name,None,No reputation score,0,False
399502,3,aphid,148546,"8,115",2,True
399498,1,aphid,148546,"8,115",2,False
399497,No answers,No user name,None,No reputation score,0,False
399494,2,Ꮢedacted,263019,"3,871",1,False
399491,1,Stevoisiak,181240,29.8k,0,True
399490,5,George Willcox,138319,"1,953",0,True
399489,2,Skye-AT,282193,"2,852",0,False
399487,0,Fredy31,15236,39.2k,1,True
399486,1,Matt Demers,280219,45,0,False
399477,6,Lars Kristensen,292951,271,0,False
399473,1,Stevoisiak,181240,29.8k,0,True
399471,3,Wondercricket,124566,46.8k,0,True
399466,47,BlueRaja - Danny Pflughoeft,2578,46.2k,19,False
399464,0,Stevoisiak,181240,29.8k,0,True
399459,No answers,No user name,None,No reputation score,0,False
399458,1,pinckerman,87579,31.6k,2,False
399457,2,Wondercricket,124566,46.8k,0,True
399455,3,Matt Demers,280219,45,0,False
399447,2,Fredy31,15236,39.2k,0,True
399446,0,user1337,37332,"3,778",1,True
399444,8,Timmy Jim,163757,51k,5,True
399443,0,Malady,108916,"4,283",0,True
399442,No answers,No user name,None,No reputation score,0,False
399441,0,MaxAuMax,295645,1,2,False
399436,No answers,No user name,None,No reputation score,0,False
399433,43,pinckerman,87579,31.6k,10,True
399432,0,Matt Demers,280219,45,0,False
399431,3,Joachim,222022,16.9k,1,False
399430,1,Comic Sans Seraphim,53291,43.3k,3,True
399429,No answers,No user name,None,No reputation score,0,False
399427,No answers,No user name,None,No reputation score,0,False
399426,No answers,No user name,None,No reputation score,0,False
399425,17,user3389,None,No reputation score,7,True
399422,No answers,No user name,None,No reputation score,0,False
399418,2,pinckerman,87579,31.6k,3,True
399416,No answers,No user name,None,No reputation score,0,False
399413,4,Mario,5486,"9,367",2,False
399412,1,pinckerman,87579,31.6k,0,True
399411,No answers,No user name,None,No reputation score,0,False
399408,1,Stevoisiak,181240,29.8k,0,True
399403,10,Timmy Jim,163757,51k,0,True
399401,No answers,No user name,None,No reputation score,0,False
399398,2,rand337,159010,724,1,True
399397,No answers,No user name,None,No reputation score,0,False
399395,0,pencil sharpener,298781,37,0,False
399392,1,pencil sharpener,298781,37,1,False
399390,17,Timmy Jim,163757,51k,2,True
399385,No answers,No user name,None,No reputation score,0,False
399384,No answers,No user name,None,No reputation score,0,False
399383,2,pinckerman,87579,31.6k,0,True
399382,No answers,No user name,None,No reputation score,0,False
399379,1,Stevoisiak,181240,29.8k,2,True
399377,1,AdamRaichu,281304,873,0,False
399373,No answers,No user name,None,No reputation score,0,False
399370,No answers,No user name,None,No reputation score,0,False
399369,4,BunnyMerz,237019,"1,669",4,False
399368,1,Mentalist,162791,"1,329",0,False
399367,No answers,No user name,None,No reputation score,0,False
399363,2,lwbt,50186,449,0,False
399360,1,dly,117067,15.2k,0,False
399359,0,BunnyMerz,237019,"1,669",3,True
399356,No answers,No user name,None,No reputation score,0,False
399355,10,Nolonar,46740,43.5k,8,True
399354,2,Ondrashek06,273044,395,0,True
399352,No answers,No user name,None,No reputation score,0,False
399351,1,Federico,100233,"1,970",0,False
399349,35,Marco Geertsma,44442,"6,386",8,True
399348,1,bco2135,296120,91,0,False
399344,3,aytimothy,75275,16.3k,0,False
399341,3,Stevoisiak,181240,29.8k,2,True
399340,1,Stevoisiak,181240,29.8k,0,True
399339,1,pinckerman,87579,31.6k,4,False
399338,1,pimanrules,296496,181,0,True
399336,No answers,No user name,None,No reputation score,0,False
399334,4,pinckerman,87579,31.6k,2,True
399332,1,Stevoisiak,181240,29.8k,0,True
399331,No answers,No user name,None,No reputation score,0,False
399329,No answers,No user name,None,No reputation score,0,False
399326,9,KnowledgeIsPower,250180,12.2k,0,True
399323,1,Ondrashek06,273044,395,1,True
399322,3,Sir Teatei Moonlight,293964,106,1,True
399321,No answers,No user name,None,No reputation score,0,False
399318,7,Wondercricket,124566,46.8k,0,True
399316,3,Leo S.,279380,800,2,True
399314,5,Fredy31,15236,39.2k,0,False
399309,No answers,No user name,None,No reputation score,0,False
399307,2,Fredy31,15236,39.2k,0,True
399305,1,Stevoisiak,181240,29.8k,0,True
399304,No answers,No user name,None,No reputation score,0,False
399300,4,KingJ,43594,"1,020",2,True
399299,No answers,No user name,None,No reputation score,0,False
399298,0,pinckerman,87579,31.6k,0,True
399296,2,Chase Sandmann,96435,"4,169",0,True
399295,2,Fabian Röling,171580,20k,2,False
399291,18,Chrᴉz remembers Monica,268054,"1,219",5,True
399288,2,Timmy Jim,163757,51k,0,False
399287,No answers,No user name,None,No reputation score,0,False
399283,2,BsAxUbx5KoQDEpCAqSffwGy554PSah,291368,788,0,False
399282,No answers,No user name,None,No reputation score,0,False
399281,7,user43291,None,No reputation score,1,True
399277,No answers,No user name,None,No reputation score,0,False
399275,1,Fredy31,15236,39.2k,0,True
399272,1,Stevoisiak,181240,29.8k,0,True
399269,No answers,No user name,None,No reputation score,0,False
399265,3,Turamarth,294376,231,1,True
399264,No answers,No user name,None,No reputation score,0,False
399263,2,pinckerman,87579,31.6k,0,True
399258,1,Skye-AT,282193,"2,852",0,True
399256,No answers,No user name,None,No reputation score,0,False
399254,2,tjd,91501,"4,942",0,True
399253,1,Fredy31,15236,39.2k,0,True
399252,4,Chronocidal,205229,600,0,True
399249,4,pinckerman,87579,31.6k,3,True
399242,4,Fredy31,15236,39.2k,2,True
399240,1,l3l_aze,203077,"1,917",2,True
399235,43,pinckerman,87579,31.6k,5,True
399234,3,PausePause,228910,13.8k,6,True
399233,8,Showsni,235115,"1,334",1,True
399232,No answers,No user name,None,No reputation score,0,False
399230,2,syn1kk,13104,"1,005",0,False
399229,2,JesseTG,141697,275,2,True
399228,3,Wondercricket,124566,46.8k,1,True
399224,11,Nolonar,46740,43.5k,4,True
399221,5,PausePause,228910,13.8k,0,False
399220,No answers,No user name,None,No reputation score,0,False
399218,No answers,No user name,None,No reputation score,0,False
399216,2,Timmy Jim,163757,51k,0,True
399215,No answers,No user name,None,No reputation score,0,False
399213,2,qazmlpok,211554,"1,125",0,True
399212,No answers,No user name,None,No reputation score,0,False
399208,0,Stevoisiak,181240,29.8k,0,True
399207,0,BunnyMerz,237019,"1,669",0,True
399204,No answers,No user name,None,No reputation score,0,False
